instance,AOI,group,customers,VDS_objective_min,VDS_primary_dur_min,VDS_secondary_dur_min,VDS_service_min,VDS_distance_ft,DDS_objective_min,DDS_gap_pct_1800s,DDS_solved_1800s,DDS_proven_extended,DDS_cpu_s_capped,DDS_bnb_nodes,DDS_primary_dur_min,DDS_secondary_dur_min,DDS_idle_min,DDS_drone_airtime_min,DDS_distance_ft,time_change_pct,distance_change_pct,flights_generated,flights_retained
1,Saltville,1,10,14.8961,3.6981,6.0596,5.1384,24721.3,14.5117,0.0000,1,1,63.3,9121,3.5500,2.6088,8.3530,2.5521,16673.3,-2.58,-32.56,8660,8660
2,Saltville,1,12,15.8433,5.4225,4.4532,5.9675,26498.4,16.4477,0.0000,1,1,53.4,15925,3.3665,2.9519,10.1293,2.8532,16863.1,3.82,-36.36,10392,10392
3,Saltville,1,8,14.8355,5.4679,5.4589,3.9088,28850.5,14.2786,0.0000,1,1,29.8,12485,3.3665,2.9519,7.9602,3.1572,16863.1,-3.75,-41.55,6928,6928
4,Saltville,1,15,18.5162,5.6140,5.3561,7.5461,29074.6,18.4571,0.0000,1,1,26.5,5967,3.3665,3.0336,12.0570,2.8306,17042.7,-0.32,-41.38,12990,12990
5,Saltville,1,11,18.5009,3.8192,8.8786,5.8032,31295.9,16.6754,0.0000,1,1,134.2,21400,3.7406,4.9648,7.9700,2.1712,22443.6,-9.87,-28.29,9526,9526
6,Saltville,2,24,27.7593,5.9806,9.7863,11.9925,39950.0,29.0877,0.0000,1,1,478.0,37845,5.7261,5.1708,18.1909,4.4024,29012.0,4.79,-27.38,20784,20784
7,Saltville,2,27,26.7562,5.5374,7.5858,13.6330,33744.1,29.5081,0.0059,1,1,478.5,43331,5.7261,5.1708,18.6112,3.0156,29012.0,10.28,-14.02,23382,23382
8,Saltville,2,25,24.1503,5.5374,6.3243,12.2886,30968.7,27.1957,0.0085,1,1,484.9,7334,5.4530,4.9662,16.7766,2.3220,27720.7,12.61,-10.49,21650,21650
9,Saltville,2,23,24.8125,5.5836,7.6098,11.6192,33938.9,25.9696,0.0000,1,1,417.0,31853,3.4675,4.2116,18.2906,4.5953,19945.3,4.66,-41.23,19918,19918
10,Saltville,2,23,24.7527,5.6985,7.6740,11.3802,34434.1,27.1637,0.0000,1,1,504.8,40623,5.8871,5.3140,15.9625,2.6968,29823.2,9.74,-13.39,19918,19918
11,Saltville,3,34,32.9661,6.0502,10.1492,16.7667,40962.8,35.0360,0.0000,1,1,608.7,43334,3.9017,5.5104,25.6239,5.6049,24140.0,6.28,-41.07,29444,29444
12,Saltville,3,35,33.3664,5.9806,9.9674,17.4184,40348.5,36.8053,0.0000,1,1,804.8,66361,5.8871,5.9476,24.9706,4.5242,31217.1,10.31,-22.63,30310,30310
13,Saltville,3,30,30.0514,6.0502,9.1007,14.9006,38656.1,31.9484,0.0000,1,1,541.1,41172,3.8007,4.8497,23.2980,5.3702,22375.6,6.31,-42.12,25980,25980
14,Saltville,3,35,33.1470,5.8891,9.8022,17.4557,39703.2,35.8399,0.0000,1,1,639.4,47199,5.7261,5.4020,24.7119,4.1701,29520.6,8.12,-25.65,30310,30310
15,Saltville,3,32,31.6821,5.9806,9.6457,16.0558,39640.9,34.6023,0.0000,1,1,503.4,40735,5.7261,5.9199,22.9563,4.4125,30660.1,9.22,-22.66,27712,27712
16,Saltville,4,52,42.0246,6.0502,10.2105,25.7639,41097.7,48.4606,0.0000,1,1,1073.5,59271,5.4530,7.6574,35.3503,4.4887,33641.3,15.31,-18.14,45032,45032
17,Saltville,4,50,41.2233,6.0502,10.4190,24.7541,41556.4,47.2447,0.0000,1,1,881.5,7190,5.4530,7.6574,34.1344,4.5094,33641.3,14.61,-19.05,43300,43300
18,Saltville,4,37,34.7051,6.0502,10.1489,18.5060,40962.2,37.7836,0.0000,1,1,960.2,95167,5.4530,7.1353,25.1953,3.3693,32492.8,8.87,-20.68,32042,32042
19,Saltville,4,44,38.1713,6.0048,9.9806,22.1859,40452.1,42.7663,0.0000,1,1,639.0,49714,5.8871,6.9881,29.8911,4.2621,33506.3,12.04,-17.17,38104,38104
20,Saltville,4,44,38.5898,6.0502,10.6641,21.8756,42095.5,43.0942,0.0000,1,1,857.4,48573,5.8871,7.0200,30.1870,4.4148,33576.4,11.67,-20.24,38104,38104
21,Suffolk,1,25,33.7437,11.3881,12.8913,9.4643,63436.1,36.5175,0.6045,0,1,1800.0,144195,9.9653,5.7329,20.8192,6.0783,43305.7,8.22,-31.73,34400,22000
22,Suffolk,1,29,35.0904,11.3881,12.3090,11.3933,62155.1,40.7504,19.1463,0,1,1800.0,59543,9.9653,7.3950,23.3900,6.1760,46962.3,16.13,-24.44,39904,25520
23,Suffolk,1,27,36.6718,11.3881,14.6975,10.5862,67409.8,37.9671,0.0000,1,1,1172.7,94105,6.5212,4.2428,27.2032,10.3666,29419.3,3.53,-56.36,37152,23760
24,Suffolk,1,30,33.6957,11.3881,10.8447,11.4629,58933.6,37.6628,0.0000,1,1,1469.6,91546,6.5212,4.3862,26.7554,8.5891,29734.9,11.77,-49.55,41280,26400
25,Suffolk,1,24,36.7073,11.3881,16.6128,8.7063,71623.6,38.8525,6.8385,0,1,1800.0,129007,8.6543,7.2487,22.9495,9.3519,42602.2,5.84,-40.52,33024,21120
26,Suffolk,2,48,43.5510,11.3881,14.3153,17.8476,66568.9,56.8298,5.1720,0,0,1800.0,82960,11.6393,9.1097,36.0808,7.7400,55890.4,30.49,-16.04,66048,42240
27,Suffolk,2,61,47.1910,11.3881,12.2881,23.5148,62109.2,65.9969,10.7702,0,0,1800.0,60703,11.3881,9.4432,45.1657,7.9761,55850.3,39.85,-10.08,83936,53680
28,Suffolk,2,45,42.8863,11.3881,14.3957,17.1026,66745.8,54.3511,5.2739,0,0,1800.0,66322,11.3881,7.3695,35.5935,8.0099,51288.2,26.73,-23.16,61920,39600
29,Suffolk,2,52,48.7243,11.3881,17.7090,19.6272,74035.1,62.2396,16.4908,0,0,1800.0,56735,11.3881,11.1084,39.7431,9.4066,59513.8,27.74,-19.61,71552,45760
30,Suffolk,2,49,47.1424,11.3881,16.8960,18.8583,72246.5,58.1032,17.0898,0,0,1800.0,49881,11.3881,8.6531,38.0620,8.3871,54112.1,23.25,-25.10,67424,43120
31,Suffolk,3,75,54.7068,11.3881,14.9152,28.4035,67888.8,77.7143,15.3637,0,0,1800.0,17233,11.3881,11.0939,55.2324,10.1505,59481.8,42.06,-12.38,103200,66000
32,Suffolk,3,78,58.6103,11.3881,17.9976,29.2246,74670.1,81.2168,12.3089,0,0,1800.0,34304,11.3881,11.3950,58.4337,11.6403,60144.2,38.57,-19.45,107328,68640
33,Suffolk,3,74,57.6926,11.3881,18.1695,28.1350,75048.3,76.7004,16.0021,0,0,1800.0,27211,11.3881,10.5814,54.7309,9.8378,58354.4,32.95,-22.24,101824,65120
34,Suffolk,3,86,61.9311,11.3881,18.1695,32.3734,75048.3,86.9284,10.2385,0,0,1800.0,33149,11.3881,12.3087,63.2316,11.3965,62154.6,40.36,-17.18,118336,75680
35,Suffolk,3,67,52.7555,11.3881,15.7293,25.6381,69679.8,71.1201,0.0042,1,1,1170.5,124035,11.3881,9.6690,50.0629,9.7364,56347.2,34.81,-19.13,92192,58960
36,Suffolk,4,95,63.9803,11.3881,16.6730,35.9192,71755.9,93.0780,0.1335,0,0,1800.0,124367,11.3881,11.9605,69.7294,12.1867,61388.4,45.48,-14.45,130720,83600
37,Suffolk,4,98,66.7533,11.3881,18.1364,37.2288,74975.4,95.9349,9.2657,0,0,1800.0,36875,11.3881,12.3087,72.2380,12.6019,62154.6,43.72,-17.10,134848,86240
38,Suffolk,4,96,63.9460,11.3881,16.2749,36.2830,70880.1,93.2245,0.1952,0,0,1800.0,113726,11.3881,12.0076,69.8288,11.4292,61492.1,45.79,-13.24,132096,84480
39,Suffolk,4,101,67.5961,11.3881,18.0832,38.1249,74858.3,98.3738,7.8889,0,0,1800.0,35996,11.3881,11.7432,75.2425,13.4174,60910.3,45.53,-18.63,138976,88880
40,Suffolk,4,97,66.1919,11.3881,18.1695,36.6342,75048.3,95.2968,6.5151,0,0,1800.0,35825,11.3881,12.3087,71.5999,12.6298,62154.6,43.97,-17.18,133472,85360
