AOI,customer,VDS_service_min,VDS_service_sec,DDS_service_min,DDS_service_sec
Suffolk,1,0.3885,23.3,0.666,40.0
Suffolk,2,0.4054,24.3,0.666,40.0
Suffolk,3,0.4240,25.4,0.666,40.0
Suffolk,4,0.4235,25.4,0.666,40.0
Suffolk,5,0.4038,24.2,0.666,40.0
Suffolk,6,0.4133,24.8,0.666,40.0
Suffolk,7,0.4081,24.5,0.666,40.0
Suffolk,8,0.4315,25.9,0.666,40.0
Suffolk,9,0.4071,24.4,0.666,40.0
Suffolk,10,0.4105,24.6,0.666,40.0
Suffolk,11,0.4279,25.7,0.666,40.0
Suffolk,12,0.3908,23.4,0.666,40.0
Suffolk,13,0.3792,22.8,0.666,40.0
Suffolk,14,0.4753,28.5,0.666,40.0
Suffolk,15,0.4190,25.1,0.666,40.0
Suffolk,16,0.4209,25.3,0.666,40.0
Suffolk,17,0.4382,26.3,0.666,40.0
Suffolk,18,0.3648,21.9,0.666,40.0
Suffolk,19,0.4259,25.6,0.666,40.0
Suffolk,20,0.4062,24.4,0.666,40.0
Suffolk,21,0.4413,26.5,0.666,40.0
Suffolk,22,0.4322,25.9,0.666,40.0
Suffolk,23,0.4493,27.0,0.666,40.0
Suffolk,24,0.4652,27.9,0.666,40.0
Suffolk,25,0.3974,23.8,0.666,40.0
Suffolk,26,0.4050,24.3,0.666,40.0
Suffolk,27,0.4195,25.2,0.666,40.0
Suffolk,28,0.4254,25.5,0.666,40.0
Suffolk,29,0.4177,25.1,0.666,40.0
Suffolk,30,0.4389,26.3,0.666,40.0
Suffolk,31,0.4451,26.7,0.666,40.0
Suffolk,32,0.4264,25.6,0.666,40.0
Suffolk,33,0.4305,25.8,0.666,40.0
Suffolk,34,0.4479,26.9,0.666,40.0
Suffolk,35,0.4201,25.2,0.666,40.0
Suffolk,36,0.4138,24.8,0.666,40.0
Suffolk,37,0.4046,24.3,0.666,40.0
Suffolk,38,0.4136,24.8,0.666,40.0
Suffolk,39,0.4098,24.6,0.666,40.0
Suffolk,40,0.4389,26.3,0.666,40.0
Suffolk,41,0.4409,26.5,0.666,40.0
Suffolk,42,0.3210,19.3,0.666,40.0
Suffolk,43,0.3464,20.8,0.666,40.0
Suffolk,44,0.3118,18.7,0.666,40.0
Suffolk,45,0.3144,18.9,0.666,40.0
Suffolk,46,0.3856,23.1,0.666,40.0
Suffolk,47,0.3368,20.2,0.666,40.0
Suffolk,48,0.3635,21.8,0.666,40.0
Suffolk,49,0.3735,22.4,0.666,40.0
Suffolk,50,0.3852,23.1,0.666,40.0
Suffolk,51,0.3514,21.1,0.666,40.0
Suffolk,52,0.3035,18.2,0.666,40.0
Suffolk,53,0.3893,23.4,0.666,40.0
Suffolk,54,0.3867,23.2,0.666,40.0
Suffolk,55,0.3631,21.8,0.666,40.0
Suffolk,56,0.3035,18.2,0.666,40.0
Suffolk,57,0.2950,17.7,0.666,40.0
Suffolk,58,0.2903,17.4,0.666,40.0
Suffolk,59,0.3205,19.2,0.666,40.0
Suffolk,60,0.4332,26.0,0.666,40.0
Suffolk,61,0.3202,19.2,0.666,40.0
Suffolk,62,0.3908,23.5,0.666,40.0
Suffolk,63,0.3553,21.3,0.666,40.0
Suffolk,64,0.4400,26.4,0.666,40.0
Suffolk,65,0.3090,18.5,0.666,40.0
Suffolk,66,0.3928,23.6,0.666,40.0
Suffolk,67,0.3780,22.7,0.666,40.0
Suffolk,68,0.4201,25.2,0.666,40.0
Suffolk,69,0.4118,24.7,0.666,40.0
Suffolk,70,0.4420,26.5,0.666,40.0
Suffolk,71,0.2782,16.7,0.666,40.0
Suffolk,72,0.4024,24.1,0.666,40.0
Suffolk,73,0.3893,23.4,0.666,40.0
Suffolk,74,0.3196,19.2,0.666,40.0
Suffolk,75,0.3334,20.0,0.666,40.0
Suffolk,76,0.3567,21.4,0.666,40.0
Suffolk,77,0.3901,23.4,0.666,40.0
Suffolk,78,0.3845,23.1,0.666,40.0
Suffolk,79,0.3559,21.4,0.666,40.0
Suffolk,80,0.3419,20.5,0.666,40.0
Suffolk,81,0.2811,16.9,0.666,40.0
Suffolk,82,0.3743,22.5,0.666,40.0
Suffolk,83,0.2644,15.9,0.666,40.0
Suffolk,84,0.3636,21.8,0.666,40.0
Suffolk,85,0.3448,20.7,0.666,40.0
Suffolk,86,0.3417,20.5,0.666,40.0
Suffolk,87,0.3684,22.1,0.666,40.0
Suffolk,88,0.4278,25.7,0.666,40.0
Suffolk,89,0.2916,17.5,0.666,40.0
Suffolk,90,0.3597,21.6,0.666,40.0
Suffolk,91,0.3876,23.3,0.666,40.0
Suffolk,92,0.3430,20.6,0.666,40.0
Suffolk,93,0.3231,19.4,0.666,40.0
Suffolk,94,0.3721,22.3,0.666,40.0
Suffolk,95,0.3100,18.6,0.666,40.0
Suffolk,96,0.3409,20.5,0.666,40.0
Suffolk,97,0.4049,24.3,0.666,40.0
Suffolk,98,0.3501,21.0,0.666,40.0
Suffolk,99,0.2931,17.6,0.666,40.0
Suffolk,100,0.2766,16.6,0.666,40.0
Suffolk,101,0.3335,20.0,0.666,40.0
Suffolk,102,0.3946,23.7,0.666,40.0
Suffolk,103,0.2733,16.4,0.666,40.0
Suffolk,104,0.2825,17.0,0.666,40.0
Saltville,1,0.4158,24.9,0.666,40.0
Saltville,2,0.4823,28.9,0.666,40.0
Saltville,3,0.5712,34.3,0.666,40.0
Saltville,4,0.4914,29.5,0.666,40.0
Saltville,5,0.4949,29.7,0.666,40.0
Saltville,6,0.4727,28.4,0.666,40.0
Saltville,7,0.4982,29.9,0.666,40.0
Saltville,8,0.5091,30.5,0.666,40.0
Saltville,9,0.5010,30.1,0.666,40.0
Saltville,10,0.4629,27.8,0.666,40.0
Saltville,11,0.4869,29.2,0.666,40.0
Saltville,12,0.4856,29.1,0.666,40.0
Saltville,13,0.5032,30.2,0.666,40.0
Saltville,14,0.4940,29.6,0.666,40.0
Saltville,15,0.4953,29.7,0.666,40.0
Saltville,16,0.4981,29.9,0.666,40.0
Saltville,17,0.4691,28.1,0.666,40.0
Saltville,18,0.4609,27.7,0.666,40.0
Saltville,19,0.4629,27.8,0.666,40.0
Saltville,20,0.4860,29.2,0.666,40.0
Saltville,21,0.5035,30.2,0.666,40.0
Saltville,22,0.5209,31.3,0.666,40.0
Saltville,23,0.4833,29.0,0.666,40.0
Saltville,24,0.4791,28.7,0.666,40.0
Saltville,25,0.4873,29.2,0.666,40.0
Saltville,26,0.6142,36.9,0.666,40.0
Saltville,27,0.4774,28.6,0.666,40.0
Saltville,28,0.5512,33.1,0.666,40.0
Saltville,29,0.5098,30.6,0.666,40.0
Saltville,30,0.5380,32.3,0.666,40.0
Saltville,31,0.4656,27.9,0.666,40.0
Saltville,32,0.4813,28.9,0.666,40.0
Saltville,33,0.5079,30.5,0.666,40.0
Saltville,34,0.5101,30.6,0.666,40.0
Saltville,35,0.4923,29.5,0.666,40.0
Saltville,36,0.4711,28.3,0.666,40.0
Saltville,37,0.4869,29.2,0.666,40.0
Saltville,38,0.4980,29.9,0.666,40.0
Saltville,39,0.4894,29.4,0.666,40.0
Saltville,40,0.4964,29.8,0.666,40.0
Saltville,41,0.5203,31.2,0.666,40.0
Saltville,42,0.4936,29.6,0.666,40.0
Saltville,43,0.4756,28.5,0.666,40.0
Saltville,44,0.5163,31.0,0.666,40.0
Saltville,45,0.5046,30.3,0.666,40.0
Saltville,46,0.5536,33.2,0.666,40.0
Saltville,47,0.5581,33.5,0.666,40.0
Saltville,48,0.4845,29.1,0.666,40.0
Saltville,49,0.5097,30.6,0.666,40.0
Saltville,50,0.4671,28.0,0.666,40.0
Saltville,51,0.5004,30.0,0.666,40.0
Saltville,52,0.5213,31.3,0.666,40.0
Saltville,53,0.5828,35.0,0.666,40.0
Saltville,54,0.4541,27.2,0.666,40.0
Saltville,55,0.4757,28.5,0.666,40.0
Saltville,56,0.4162,25.0,0.666,40.0
Saltville,57,0.5046,30.3,0.666,40.0
Saltville,58,0.4856,29.1,0.666,40.0
